{"accuracy": 0.7938877043354655, "precision": 0.6544117647058824, "rec": 0.47593582887700536, "f1_score": 0.5510835913312694, "latency_ms": 16472.514629364014}